ranking_method,generator_seed,reference_version,query_item_id,culture_canonical,relevant_item_count,first_relevant_rank,reciprocal_rank,evaluation_scope,precision_at_1,recall_at_1,ndcg_at_1,precision_at_5,recall_at_5,ndcg_at_5,precision_at_10,recall_at_10,ndcg_at_10
oracle_culture,-1,reference_rankings_v1,CMA:102924,Paracas,41,1,1.0,strict_culture_universe,1.0,0.024390243902439025,1.0,1.0,0.12195121951219512,1.0,1.0,0.24390243902439024,1.0
oracle_culture,-1,reference_rankings_v1,CMA:104234,Chancay,30,1,1.0,strict_culture_universe,1.0,0.03333333333333333,1.0,1.0,0.16666666666666666,1.0,1.0,0.3333333333333333,1.0
oracle_culture,-1,reference_rankings_v1,CMA:104236,Chancay,30,1,1.0,strict_culture_universe,1.0,0.03333333333333333,1.0,1.0,0.16666666666666666,1.0,1.0,0.3333333333333333,1.0
oracle_culture,-1,reference_rankings_v1,CMA:104238,Chimu,5,1,1.0,strict_culture_universe,1.0,0.2,1.0,1.0,1.0,1.0,0.5,1.0,1.0
oracle_culture,-1,reference_rankings_v1,CMA:104240,Chancay,30,1,1.0,strict_culture_universe,1.0,0.03333333333333333,1.0,1.0,0.16666666666666666,1.0,1.0,0.3333333333333333,1.0
oracle_culture,-1,reference_rankings_v1,CMA:104241,Chancay,30,1,1.0,strict_culture_universe,1.0,0.03333333333333333,1.0,1.0,0.16666666666666666,1.0,1.0,0.3333333333333333,1.0
oracle_culture,-1,reference_rankings_v1,CMA:104242,Chancay,30,1,1.0,strict_culture_universe,1.0,0.03333333333333333,1.0,1.0,0.16666666666666666,1.0,1.0,0.3333333333333333,1.0
oracle_culture,-1,reference_rankings_v1,CMA:104243,Chancay,30,1,1.0,strict_culture_universe,1.0,0.03333333333333333,1.0,1.0,0.16666666666666666,1.0,1.0,0.3333333333333333,1.0
oracle_culture,-1,reference_rankings_v1,CMA:104244,Chancay,30,1,1.0,strict_culture_universe,1.0,0.03333333333333333,1.0,1.0,0.16666666666666666,1.0,1.0,0.3333333333333333,1.0
oracle_culture,-1,reference_rankings_v1,CMA:104245,Chancay,30,1,1.0,strict_culture_universe,1.0,0.03333333333333333,1.0,1.0,0.16666666666666666,1.0,1.0,0.3333333333333333,1.0
oracle_culture,-1,reference_rankings_v1,CMA:104246,Chancay,30,1,1.0,strict_culture_universe,1.0,0.03333333333333333,1.0,1.0,0.16666666666666666,1.0,1.0,0.3333333333333333,1.0
oracle_culture,-1,reference_rankings_v1,CMA:104247,Chancay,30,1,1.0,strict_culture_universe,1.0,0.03333333333333333,1.0,1.0,0.16666666666666666,1.0,1.0,0.3333333333333333,1.0
oracle_culture,-1,reference_rankings_v1,CMA:104248,Chancay,30,1,1.0,strict_culture_universe,1.0,0.03333333333333333,1.0,1.0,0.16666666666666666,1.0,1.0,0.3333333333333333,1.0
oracle_culture,-1,reference_rankings_v1,CMA:104249,Chancay,30,1,1.0,strict_culture_universe,1.0,0.03333333333333333,1.0,1.0,0.16666666666666666,1.0,1.0,0.3333333333333333,1.0
oracle_culture,-1,reference_rankings_v1,CMA:104390,Chimu,5,1,1.0,strict_culture_universe,1.0,0.2,1.0,1.0,1.0,1.0,0.5,1.0,1.0
oracle_culture,-1,reference_rankings_v1,CMA:108026,Chancay,30,1,1.0,strict_culture_universe,1.0,0.03333333333333333,1.0,1.0,0.16666666666666666,1.0,1.0,0.3333333333333333,1.0
oracle_culture,-1,reference_rankings_v1,CMA:108033,Chancay,30,1,1.0,strict_culture_universe,1.0,0.03333333333333333,1.0,1.0,0.16666666666666666,1.0,1.0,0.3333333333333333,1.0
oracle_culture,-1,reference_rankings_v1,CMA:108034,Chancay,30,1,1.0,strict_culture_universe,1.0,0.03333333333333333,1.0,1.0,0.16666666666666666,1.0,1.0,0.3333333333333333,1.0
oracle_culture,-1,reference_rankings_v1,CMA:108038,Chimu,5,1,1.0,strict_culture_universe,1.0,0.2,1.0,1.0,1.0,1.0,0.5,1.0,1.0
oracle_culture,-1,reference_rankings_v1,CMA:108044,Chancay,30,1,1.0,strict_culture_universe,1.0,0.03333333333333333,1.0,1.0,0.16666666666666666,1.0,1.0,0.3333333333333333,1.0
oracle_culture,-1,reference_rankings_v1,CMA:114131,Ychsma,1,1,1.0,strict_culture_universe,1.0,1.0,1.0,0.2,1.0,1.0,0.1,1.0,1.0
oracle_culture,-1,reference_rankings_v1,CMA:114132,Wari,14,1,1.0,strict_culture_universe,1.0,0.07142857142857142,1.0,1.0,0.35714285714285715,1.0,1.0,0.7142857142857143,1.0
oracle_culture,-1,reference_rankings_v1,CMA:119652,Chancay,30,1,1.0,strict_culture_universe,1.0,0.03333333333333333,1.0,1.0,0.16666666666666666,1.0,1.0,0.3333333333333333,1.0
oracle_culture,-1,reference_rankings_v1,CMA:119676,Paracas,41,1,1.0,strict_culture_universe,1.0,0.024390243902439025,1.0,1.0,0.12195121951219512,1.0,1.0,0.24390243902439024,1.0
oracle_culture,-1,reference_rankings_v1,CMA:119690,Paracas,41,1,1.0,strict_culture_universe,1.0,0.024390243902439025,1.0,1.0,0.12195121951219512,1.0,1.0,0.24390243902439024,1.0
oracle_culture,-1,reference_rankings_v1,CMA:119693,Nasca,34,1,1.0,strict_culture_universe,1.0,0.029411764705882353,1.0,1.0,0.14705882352941177,1.0,1.0,0.29411764705882354,1.0
oracle_culture,-1,reference_rankings_v1,CMA:124413,Wari,14,1,1.0,strict_culture_universe,1.0,0.07142857142857142,1.0,1.0,0.35714285714285715,1.0,1.0,0.7142857142857143,1.0
oracle_culture,-1,reference_rankings_v1,CMA:124741,Paracas,41,1,1.0,strict_culture_universe,1.0,0.024390243902439025,1.0,1.0,0.12195121951219512,1.0,1.0,0.24390243902439024,1.0
oracle_culture,-1,reference_rankings_v1,CMA:125095,Wari,14,1,1.0,strict_culture_universe,1.0,0.07142857142857142,1.0,1.0,0.35714285714285715,1.0,1.0,0.7142857142857143,1.0
oracle_culture,-1,reference_rankings_v1,CMA:126684,Wari,14,1,1.0,strict_culture_universe,1.0,0.07142857142857142,1.0,1.0,0.35714285714285715,1.0,1.0,0.7142857142857143,1.0
oracle_culture,-1,reference_rankings_v1,CMA:128454,Inca,16,1,1.0,strict_culture_universe,1.0,0.0625,1.0,1.0,0.3125,1.0,1.0,0.625,1.0
oracle_culture,-1,reference_rankings_v1,CMA:134395,Wari,14,1,1.0,strict_culture_universe,1.0,0.07142857142857142,1.0,1.0,0.35714285714285715,1.0,1.0,0.7142857142857143,1.0
oracle_culture,-1,reference_rankings_v1,CMA:134604,Inca,16,1,1.0,strict_culture_universe,1.0,0.0625,1.0,1.0,0.3125,1.0,1.0,0.625,1.0
oracle_culture,-1,reference_rankings_v1,CMA:134948,Wari,14,1,1.0,strict_culture_universe,1.0,0.07142857142857142,1.0,1.0,0.35714285714285715,1.0,1.0,0.7142857142857143,1.0
oracle_culture,-1,reference_rankings_v1,CMA:137312,Paracas,41,1,1.0,strict_culture_universe,1.0,0.024390243902439025,1.0,1.0,0.12195121951219512,1.0,1.0,0.24390243902439024,1.0
oracle_culture,-1,reference_rankings_v1,CMA:149062,Chancay,30,1,1.0,strict_culture_universe,1.0,0.03333333333333333,1.0,1.0,0.16666666666666666,1.0,1.0,0.3333333333333333,1.0
oracle_culture,-1,reference_rankings_v1,CMA:152819,Chimu,5,1,1.0,strict_culture_universe,1.0,0.2,1.0,1.0,1.0,1.0,0.5,1.0,1.0
oracle_culture,-1,reference_rankings_v1,CMA:157111,Recuay,2,1,1.0,strict_culture_universe,1.0,0.5,1.0,0.4,1.0,1.0,0.2,1.0,1.0
oracle_culture,-1,reference_rankings_v1,CMA:157112,Recuay,2,1,1.0,strict_culture_universe,1.0,0.5,1.0,0.4,1.0,1.0,0.2,1.0,1.0
oracle_culture,-1,reference_rankings_v1,CMA:164428,Wari,14,1,1.0,strict_culture_universe,1.0,0.07142857142857142,1.0,1.0,0.35714285714285715,1.0,1.0,0.7142857142857143,1.0
oracle_culture,-1,reference_rankings_v1,CMA:164429,Wari,14,1,1.0,strict_culture_universe,1.0,0.07142857142857142,1.0,1.0,0.35714285714285715,1.0,1.0,0.7142857142857143,1.0
oracle_culture,-1,reference_rankings_v1,CMA:164430,Wari,14,1,1.0,strict_culture_universe,1.0,0.07142857142857142,1.0,1.0,0.35714285714285715,1.0,1.0,0.7142857142857143,1.0
oracle_culture,-1,reference_rankings_v1,CMA:165184,Wari,14,1,1.0,strict_culture_universe,1.0,0.07142857142857142,1.0,1.0,0.35714285714285715,1.0,1.0,0.7142857142857143,1.0
oracle_culture,-1,reference_rankings_v1,CMA:165266,Moche,5,1,1.0,strict_culture_universe,1.0,0.2,1.0,1.0,1.0,1.0,0.5,1.0,1.0
oracle_culture,-1,reference_rankings_v1,CMA:165267,Moche,5,1,1.0,strict_culture_universe,1.0,0.2,1.0,1.0,1.0,1.0,0.5,1.0,1.0
oracle_culture,-1,reference_rankings_v1,CMA:165268,Moche,5,1,1.0,strict_culture_universe,1.0,0.2,1.0,1.0,1.0,1.0,0.5,1.0,1.0
oracle_culture,-1,reference_rankings_v1,CMA:165269,Moche,5,1,1.0,strict_culture_universe,1.0,0.2,1.0,1.0,1.0,1.0,0.5,1.0,1.0
oracle_culture,-1,reference_rankings_v1,CMA:292530,Ychsma,1,1,1.0,strict_culture_universe,1.0,1.0,1.0,0.2,1.0,1.0,0.1,1.0,1.0
oracle_culture,-1,reference_rankings_v1,CMA:302272,Chancay,30,1,1.0,strict_culture_universe,1.0,0.03333333333333333,1.0,1.0,0.16666666666666666,1.0,1.0,0.3333333333333333,1.0
oracle_culture,-1,reference_rankings_v1,MET:307449,Inca,16,1,1.0,strict_culture_universe,1.0,0.0625,1.0,1.0,0.3125,1.0,1.0,0.625,1.0
oracle_culture,-1,reference_rankings_v1,MET:307677,Paracas,41,1,1.0,strict_culture_universe,1.0,0.024390243902439025,1.0,1.0,0.12195121951219512,1.0,1.0,0.24390243902439024,1.0
oracle_culture,-1,reference_rankings_v1,MET:307679,Paracas,41,1,1.0,strict_culture_universe,1.0,0.024390243902439025,1.0,1.0,0.12195121951219512,1.0,1.0,0.24390243902439024,1.0
oracle_culture,-1,reference_rankings_v1,MET:307682,Paracas,41,1,1.0,strict_culture_universe,1.0,0.024390243902439025,1.0,1.0,0.12195121951219512,1.0,1.0,0.24390243902439024,1.0
oracle_culture,-1,reference_rankings_v1,MET:307683,Paracas,41,1,1.0,strict_culture_universe,1.0,0.024390243902439025,1.0,1.0,0.12195121951219512,1.0,1.0,0.24390243902439024,1.0
oracle_culture,-1,reference_rankings_v1,MET:307806,Chancay,30,1,1.0,strict_culture_universe,1.0,0.03333333333333333,1.0,1.0,0.16666666666666666,1.0,1.0,0.3333333333333333,1.0
oracle_culture,-1,reference_rankings_v1,MET:307841,Nasca,34,1,1.0,strict_culture_universe,1.0,0.029411764705882353,1.0,1.0,0.14705882352941177,1.0,1.0,0.29411764705882354,1.0
oracle_culture,-1,reference_rankings_v1,MET:307843,Nasca,34,1,1.0,strict_culture_universe,1.0,0.029411764705882353,1.0,1.0,0.14705882352941177,1.0,1.0,0.29411764705882354,1.0
oracle_culture,-1,reference_rankings_v1,MET:307844,Nasca,34,1,1.0,strict_culture_universe,1.0,0.029411764705882353,1.0,1.0,0.14705882352941177,1.0,1.0,0.29411764705882354,1.0
oracle_culture,-1,reference_rankings_v1,MET:307846,Inca,16,1,1.0,strict_culture_universe,1.0,0.0625,1.0,1.0,0.3125,1.0,1.0,0.625,1.0
oracle_culture,-1,reference_rankings_v1,MET:307851,Paracas,41,1,1.0,strict_culture_universe,1.0,0.024390243902439025,1.0,1.0,0.12195121951219512,1.0,1.0,0.24390243902439024,1.0
oracle_culture,-1,reference_rankings_v1,MET:307852,Paracas,41,1,1.0,strict_culture_universe,1.0,0.024390243902439025,1.0,1.0,0.12195121951219512,1.0,1.0,0.24390243902439024,1.0
oracle_culture,-1,reference_rankings_v1,MET:307853,Paracas,41,1,1.0,strict_culture_universe,1.0,0.024390243902439025,1.0,1.0,0.12195121951219512,1.0,1.0,0.24390243902439024,1.0
oracle_culture,-1,reference_rankings_v1,MET:307940,Chancay,30,1,1.0,strict_culture_universe,1.0,0.03333333333333333,1.0,1.0,0.16666666666666666,1.0,1.0,0.3333333333333333,1.0
oracle_culture,-1,reference_rankings_v1,MET:307941,Inca,16,1,1.0,strict_culture_universe,1.0,0.0625,1.0,1.0,0.3125,1.0,1.0,0.625,1.0
oracle_culture,-1,reference_rankings_v1,MET:307943,Chancay,30,1,1.0,strict_culture_universe,1.0,0.03333333333333333,1.0,1.0,0.16666666666666666,1.0,1.0,0.3333333333333333,1.0
oracle_culture,-1,reference_rankings_v1,MET:307944,Chimu,5,1,1.0,strict_culture_universe,1.0,0.2,1.0,1.0,1.0,1.0,0.5,1.0,1.0
oracle_culture,-1,reference_rankings_v1,MET:307950,Nasca,34,1,1.0,strict_culture_universe,1.0,0.029411764705882353,1.0,1.0,0.14705882352941177,1.0,1.0,0.29411764705882354,1.0
oracle_culture,-1,reference_rankings_v1,MET:307953,Nasca,34,1,1.0,strict_culture_universe,1.0,0.029411764705882353,1.0,1.0,0.14705882352941177,1.0,1.0,0.29411764705882354,1.0
oracle_culture,-1,reference_rankings_v1,MET:307959,Nasca,34,1,1.0,strict_culture_universe,1.0,0.029411764705882353,1.0,1.0,0.14705882352941177,1.0,1.0,0.29411764705882354,1.0
oracle_culture,-1,reference_rankings_v1,MET:307960,Nasca,34,1,1.0,strict_culture_universe,1.0,0.029411764705882353,1.0,1.0,0.14705882352941177,1.0,1.0,0.29411764705882354,1.0
oracle_culture,-1,reference_rankings_v1,MET:307961,Nasca,34,1,1.0,strict_culture_universe,1.0,0.029411764705882353,1.0,1.0,0.14705882352941177,1.0,1.0,0.29411764705882354,1.0
oracle_culture,-1,reference_rankings_v1,MET:307962,Nasca,34,1,1.0,strict_culture_universe,1.0,0.029411764705882353,1.0,1.0,0.14705882352941177,1.0,1.0,0.29411764705882354,1.0
oracle_culture,-1,reference_rankings_v1,MET:307963,Nasca,34,1,1.0,strict_culture_universe,1.0,0.029411764705882353,1.0,1.0,0.14705882352941177,1.0,1.0,0.29411764705882354,1.0
oracle_culture,-1,reference_rankings_v1,MET:307964,Nasca,34,1,1.0,strict_culture_universe,1.0,0.029411764705882353,1.0,1.0,0.14705882352941177,1.0,1.0,0.29411764705882354,1.0
oracle_culture,-1,reference_rankings_v1,MET:307965,Nasca,34,1,1.0,strict_culture_universe,1.0,0.029411764705882353,1.0,1.0,0.14705882352941177,1.0,1.0,0.29411764705882354,1.0
oracle_culture,-1,reference_rankings_v1,MET:307966,Nasca,34,1,1.0,strict_culture_universe,1.0,0.029411764705882353,1.0,1.0,0.14705882352941177,1.0,1.0,0.29411764705882354,1.0
oracle_culture,-1,reference_rankings_v1,MET:307967,Nasca,34,1,1.0,strict_culture_universe,1.0,0.029411764705882353,1.0,1.0,0.14705882352941177,1.0,1.0,0.29411764705882354,1.0
oracle_culture,-1,reference_rankings_v1,MET:307968,Nasca,34,1,1.0,strict_culture_universe,1.0,0.029411764705882353,1.0,1.0,0.14705882352941177,1.0,1.0,0.29411764705882354,1.0
oracle_culture,-1,reference_rankings_v1,MET:307972,Nasca,34,1,1.0,strict_culture_universe,1.0,0.029411764705882353,1.0,1.0,0.14705882352941177,1.0,1.0,0.29411764705882354,1.0
oracle_culture,-1,reference_rankings_v1,MET:307991,Wari,14,1,1.0,strict_culture_universe,1.0,0.07142857142857142,1.0,1.0,0.35714285714285715,1.0,1.0,0.7142857142857143,1.0
oracle_culture,-1,reference_rankings_v1,MET:308015,Nasca,34,1,1.0,strict_culture_universe,1.0,0.029411764705882353,1.0,1.0,0.14705882352941177,1.0,1.0,0.29411764705882354,1.0
oracle_culture,-1,reference_rankings_v1,MET:308016,Nasca,34,1,1.0,strict_culture_universe,1.0,0.029411764705882353,1.0,1.0,0.14705882352941177,1.0,1.0,0.29411764705882354,1.0
oracle_culture,-1,reference_rankings_v1,MET:308017,Nasca,34,1,1.0,strict_culture_universe,1.0,0.029411764705882353,1.0,1.0,0.14705882352941177,1.0,1.0,0.29411764705882354,1.0
oracle_culture,-1,reference_rankings_v1,MET:308021,Nasca,34,1,1.0,strict_culture_universe,1.0,0.029411764705882353,1.0,1.0,0.14705882352941177,1.0,1.0,0.29411764705882354,1.0
oracle_culture,-1,reference_rankings_v1,MET:308022,Nasca,34,1,1.0,strict_culture_universe,1.0,0.029411764705882353,1.0,1.0,0.14705882352941177,1.0,1.0,0.29411764705882354,1.0
oracle_culture,-1,reference_rankings_v1,MET:308023,Nasca,34,1,1.0,strict_culture_universe,1.0,0.029411764705882353,1.0,1.0,0.14705882352941177,1.0,1.0,0.29411764705882354,1.0
oracle_culture,-1,reference_rankings_v1,MET:308024,Nasca,34,1,1.0,strict_culture_universe,1.0,0.029411764705882353,1.0,1.0,0.14705882352941177,1.0,1.0,0.29411764705882354,1.0
oracle_culture,-1,reference_rankings_v1,MET:308025,Nasca,34,1,1.0,strict_culture_universe,1.0,0.029411764705882353,1.0,1.0,0.14705882352941177,1.0,1.0,0.29411764705882354,1.0
oracle_culture,-1,reference_rankings_v1,MET:308026,Nasca,34,1,1.0,strict_culture_universe,1.0,0.029411764705882353,1.0,1.0,0.14705882352941177,1.0,1.0,0.29411764705882354,1.0
oracle_culture,-1,reference_rankings_v1,MET:308027,Nasca,34,1,1.0,strict_culture_universe,1.0,0.029411764705882353,1.0,1.0,0.14705882352941177,1.0,1.0,0.29411764705882354,1.0
oracle_culture,-1,reference_rankings_v1,MET:308028,Nasca,34,1,1.0,strict_culture_universe,1.0,0.029411764705882353,1.0,1.0,0.14705882352941177,1.0,1.0,0.29411764705882354,1.0
oracle_culture,-1,reference_rankings_v1,MET:308029,Nasca,34,1,1.0,strict_culture_universe,1.0,0.029411764705882353,1.0,1.0,0.14705882352941177,1.0,1.0,0.29411764705882354,1.0
oracle_culture,-1,reference_rankings_v1,MET:308034,Paracas,41,1,1.0,strict_culture_universe,1.0,0.024390243902439025,1.0,1.0,0.12195121951219512,1.0,1.0,0.24390243902439024,1.0
oracle_culture,-1,reference_rankings_v1,MET:308035,Paracas,41,1,1.0,strict_culture_universe,1.0,0.024390243902439025,1.0,1.0,0.12195121951219512,1.0,1.0,0.24390243902439024,1.0
oracle_culture,-1,reference_rankings_v1,MET:308036,Paracas,41,1,1.0,strict_culture_universe,1.0,0.024390243902439025,1.0,1.0,0.12195121951219512,1.0,1.0,0.24390243902439024,1.0
oracle_culture,-1,reference_rankings_v1,MET:308037,Paracas,41,1,1.0,strict_culture_universe,1.0,0.024390243902439025,1.0,1.0,0.12195121951219512,1.0,1.0,0.24390243902439024,1.0
oracle_culture,-1,reference_rankings_v1,MET:308039,Paracas,41,1,1.0,strict_culture_universe,1.0,0.024390243902439025,1.0,1.0,0.12195121951219512,1.0,1.0,0.24390243902439024,1.0
oracle_culture,-1,reference_rankings_v1,MET:308040,Paracas,41,1,1.0,strict_culture_universe,1.0,0.024390243902439025,1.0,1.0,0.12195121951219512,1.0,1.0,0.24390243902439024,1.0
oracle_culture,-1,reference_rankings_v1,MET:308042,Paracas,41,1,1.0,strict_culture_universe,1.0,0.024390243902439025,1.0,1.0,0.12195121951219512,1.0,1.0,0.24390243902439024,1.0
oracle_culture,-1,reference_rankings_v1,MET:308044,Paracas,41,1,1.0,strict_culture_universe,1.0,0.024390243902439025,1.0,1.0,0.12195121951219512,1.0,1.0,0.24390243902439024,1.0
oracle_culture,-1,reference_rankings_v1,MET:308046,Paracas,41,1,1.0,strict_culture_universe,1.0,0.024390243902439025,1.0,1.0,0.12195121951219512,1.0,1.0,0.24390243902439024,1.0
oracle_culture,-1,reference_rankings_v1,MET:308048,Paracas,41,1,1.0,strict_culture_universe,1.0,0.024390243902439025,1.0,1.0,0.12195121951219512,1.0,1.0,0.24390243902439024,1.0
oracle_culture,-1,reference_rankings_v1,MET:308053,Paracas,41,1,1.0,strict_culture_universe,1.0,0.024390243902439025,1.0,1.0,0.12195121951219512,1.0,1.0,0.24390243902439024,1.0
oracle_culture,-1,reference_rankings_v1,MET:308056,Paracas,41,1,1.0,strict_culture_universe,1.0,0.024390243902439025,1.0,1.0,0.12195121951219512,1.0,1.0,0.24390243902439024,1.0
oracle_culture,-1,reference_rankings_v1,MET:308057,Paracas,41,1,1.0,strict_culture_universe,1.0,0.024390243902439025,1.0,1.0,0.12195121951219512,1.0,1.0,0.24390243902439024,1.0
oracle_culture,-1,reference_rankings_v1,MET:308058,Paracas,41,1,1.0,strict_culture_universe,1.0,0.024390243902439025,1.0,1.0,0.12195121951219512,1.0,1.0,0.24390243902439024,1.0
oracle_culture,-1,reference_rankings_v1,MET:308060,Paracas,41,1,1.0,strict_culture_universe,1.0,0.024390243902439025,1.0,1.0,0.12195121951219512,1.0,1.0,0.24390243902439024,1.0
oracle_culture,-1,reference_rankings_v1,MET:308068,Paracas,41,1,1.0,strict_culture_universe,1.0,0.024390243902439025,1.0,1.0,0.12195121951219512,1.0,1.0,0.24390243902439024,1.0
oracle_culture,-1,reference_rankings_v1,MET:308070,Paracas,41,1,1.0,strict_culture_universe,1.0,0.024390243902439025,1.0,1.0,0.12195121951219512,1.0,1.0,0.24390243902439024,1.0
oracle_culture,-1,reference_rankings_v1,MET:308072,Paracas,41,1,1.0,strict_culture_universe,1.0,0.024390243902439025,1.0,1.0,0.12195121951219512,1.0,1.0,0.24390243902439024,1.0
oracle_culture,-1,reference_rankings_v1,MET:308076,Paracas,41,1,1.0,strict_culture_universe,1.0,0.024390243902439025,1.0,1.0,0.12195121951219512,1.0,1.0,0.24390243902439024,1.0
oracle_culture,-1,reference_rankings_v1,MET:308077,Paracas,41,1,1.0,strict_culture_universe,1.0,0.024390243902439025,1.0,1.0,0.12195121951219512,1.0,1.0,0.24390243902439024,1.0
oracle_culture,-1,reference_rankings_v1,MET:308078,Paracas,41,1,1.0,strict_culture_universe,1.0,0.024390243902439025,1.0,1.0,0.12195121951219512,1.0,1.0,0.24390243902439024,1.0
oracle_culture,-1,reference_rankings_v1,MET:308079,Inca,16,1,1.0,strict_culture_universe,1.0,0.0625,1.0,1.0,0.3125,1.0,1.0,0.625,1.0
oracle_culture,-1,reference_rankings_v1,MET:308098,Paracas,41,1,1.0,strict_culture_universe,1.0,0.024390243902439025,1.0,1.0,0.12195121951219512,1.0,1.0,0.24390243902439024,1.0
oracle_culture,-1,reference_rankings_v1,MET:308100,Paracas,41,1,1.0,strict_culture_universe,1.0,0.024390243902439025,1.0,1.0,0.12195121951219512,1.0,1.0,0.24390243902439024,1.0
oracle_culture,-1,reference_rankings_v1,MET:308101,Paracas,41,1,1.0,strict_culture_universe,1.0,0.024390243902439025,1.0,1.0,0.12195121951219512,1.0,1.0,0.24390243902439024,1.0
oracle_culture,-1,reference_rankings_v1,MET:308105,Paracas,41,1,1.0,strict_culture_universe,1.0,0.024390243902439025,1.0,1.0,0.12195121951219512,1.0,1.0,0.24390243902439024,1.0
oracle_culture,-1,reference_rankings_v1,MET:308106,Paracas,41,1,1.0,strict_culture_universe,1.0,0.024390243902439025,1.0,1.0,0.12195121951219512,1.0,1.0,0.24390243902439024,1.0
oracle_culture,-1,reference_rankings_v1,MET:308113,Paracas,41,1,1.0,strict_culture_universe,1.0,0.024390243902439025,1.0,1.0,0.12195121951219512,1.0,1.0,0.24390243902439024,1.0
oracle_culture,-1,reference_rankings_v1,MET:308120,Inca,16,1,1.0,strict_culture_universe,1.0,0.0625,1.0,1.0,0.3125,1.0,1.0,0.625,1.0
oracle_culture,-1,reference_rankings_v1,MET:308282,Nasca,34,1,1.0,strict_culture_universe,1.0,0.029411764705882353,1.0,1.0,0.14705882352941177,1.0,1.0,0.29411764705882354,1.0
oracle_culture,-1,reference_rankings_v1,MET:308283,Chancay,30,1,1.0,strict_culture_universe,1.0,0.03333333333333333,1.0,1.0,0.16666666666666666,1.0,1.0,0.3333333333333333,1.0
oracle_culture,-1,reference_rankings_v1,MET:308284,Nasca,34,1,1.0,strict_culture_universe,1.0,0.029411764705882353,1.0,1.0,0.14705882352941177,1.0,1.0,0.29411764705882354,1.0
oracle_culture,-1,reference_rankings_v1,MET:308285,Nasca,34,1,1.0,strict_culture_universe,1.0,0.029411764705882353,1.0,1.0,0.14705882352941177,1.0,1.0,0.29411764705882354,1.0
oracle_culture,-1,reference_rankings_v1,MET:308290,Chancay,30,1,1.0,strict_culture_universe,1.0,0.03333333333333333,1.0,1.0,0.16666666666666666,1.0,1.0,0.3333333333333333,1.0
oracle_culture,-1,reference_rankings_v1,MET:309528,Inca,16,1,1.0,strict_culture_universe,1.0,0.0625,1.0,1.0,0.3125,1.0,1.0,0.625,1.0
oracle_culture,-1,reference_rankings_v1,MET:310059,Chancay,30,1,1.0,strict_culture_universe,1.0,0.03333333333333333,1.0,1.0,0.16666666666666666,1.0,1.0,0.3333333333333333,1.0
oracle_culture,-1,reference_rankings_v1,MET:310511,Paracas,41,1,1.0,strict_culture_universe,1.0,0.024390243902439025,1.0,1.0,0.12195121951219512,1.0,1.0,0.24390243902439024,1.0
oracle_culture,-1,reference_rankings_v1,MET:310695,Chancay,30,1,1.0,strict_culture_universe,1.0,0.03333333333333333,1.0,1.0,0.16666666666666666,1.0,1.0,0.3333333333333333,1.0
oracle_culture,-1,reference_rankings_v1,MET:310697,Chancay,30,1,1.0,strict_culture_universe,1.0,0.03333333333333333,1.0,1.0,0.16666666666666666,1.0,1.0,0.3333333333333333,1.0
oracle_culture,-1,reference_rankings_v1,MET:310698,Chancay,30,1,1.0,strict_culture_universe,1.0,0.03333333333333333,1.0,1.0,0.16666666666666666,1.0,1.0,0.3333333333333333,1.0
oracle_culture,-1,reference_rankings_v1,MET:310699,Chancay,30,1,1.0,strict_culture_universe,1.0,0.03333333333333333,1.0,1.0,0.16666666666666666,1.0,1.0,0.3333333333333333,1.0
oracle_culture,-1,reference_rankings_v1,MET:312614,Wari,14,1,1.0,strict_culture_universe,1.0,0.07142857142857142,1.0,1.0,0.35714285714285715,1.0,1.0,0.7142857142857143,1.0
oracle_culture,-1,reference_rankings_v1,MET:312615,Wari,14,1,1.0,strict_culture_universe,1.0,0.07142857142857142,1.0,1.0,0.35714285714285715,1.0,1.0,0.7142857142857143,1.0
oracle_culture,-1,reference_rankings_v1,MET:312669,Chancay,30,1,1.0,strict_culture_universe,1.0,0.03333333333333333,1.0,1.0,0.16666666666666666,1.0,1.0,0.3333333333333333,1.0
oracle_culture,-1,reference_rankings_v1,MET:313121,Chancay,30,1,1.0,strict_culture_universe,1.0,0.03333333333333333,1.0,1.0,0.16666666666666666,1.0,1.0,0.3333333333333333,1.0
oracle_culture,-1,reference_rankings_v1,MET:313152,Inca,16,1,1.0,strict_culture_universe,1.0,0.0625,1.0,1.0,0.3125,1.0,1.0,0.625,1.0
oracle_culture,-1,reference_rankings_v1,MET:313153,Chimu,5,1,1.0,strict_culture_universe,1.0,0.2,1.0,1.0,1.0,1.0,0.5,1.0,1.0
oracle_culture,-1,reference_rankings_v1,MET:313324,Inca,16,1,1.0,strict_culture_universe,1.0,0.0625,1.0,1.0,0.3125,1.0,1.0,0.625,1.0
oracle_culture,-1,reference_rankings_v1,MET:314363,Nasca,34,1,1.0,strict_culture_universe,1.0,0.029411764705882353,1.0,1.0,0.14705882352941177,1.0,1.0,0.29411764705882354,1.0
oracle_culture,-1,reference_rankings_v1,MET:314528,Inca,16,1,1.0,strict_culture_universe,1.0,0.0625,1.0,1.0,0.3125,1.0,1.0,0.625,1.0
oracle_culture,-1,reference_rankings_v1,MET:315690,Inca,16,1,1.0,strict_culture_universe,1.0,0.0625,1.0,1.0,0.3125,1.0,1.0,0.625,1.0
oracle_culture,-1,reference_rankings_v1,MET:315700,Nasca,34,1,1.0,strict_culture_universe,1.0,0.029411764705882353,1.0,1.0,0.14705882352941177,1.0,1.0,0.29411764705882354,1.0
oracle_culture,-1,reference_rankings_v1,MET:315708,Inca,16,1,1.0,strict_culture_universe,1.0,0.0625,1.0,1.0,0.3125,1.0,1.0,0.625,1.0
oracle_culture,-1,reference_rankings_v1,MET:315772,Nasca,34,1,1.0,strict_culture_universe,1.0,0.029411764705882353,1.0,1.0,0.14705882352941177,1.0,1.0,0.29411764705882354,1.0
oracle_culture,-1,reference_rankings_v1,MET:315786,Moche,5,1,1.0,strict_culture_universe,1.0,0.2,1.0,1.0,1.0,1.0,0.5,1.0,1.0
oracle_culture,-1,reference_rankings_v1,MET:316913,Moche,5,1,1.0,strict_culture_universe,1.0,0.2,1.0,1.0,1.0,1.0,0.5,1.0,1.0
oracle_culture,-1,reference_rankings_v1,MET:316939,Inca,16,1,1.0,strict_culture_universe,1.0,0.0625,1.0,1.0,0.3125,1.0,1.0,0.625,1.0
oracle_culture,-1,reference_rankings_v1,MET:316945,Paracas,41,1,1.0,strict_culture_universe,1.0,0.024390243902439025,1.0,1.0,0.12195121951219512,1.0,1.0,0.24390243902439024,1.0
oracle_culture,-1,reference_rankings_v1,MET:318460,Paracas,41,1,1.0,strict_culture_universe,1.0,0.024390243902439025,1.0,1.0,0.12195121951219512,1.0,1.0,0.24390243902439024,1.0
oracle_culture,-1,reference_rankings_v1,MET:318746,Recuay,2,1,1.0,strict_culture_universe,1.0,0.5,1.0,0.4,1.0,1.0,0.2,1.0,1.0
oracle_culture,-1,reference_rankings_v1,MET:319524,Inca,16,1,1.0,strict_culture_universe,1.0,0.0625,1.0,1.0,0.3125,1.0,1.0,0.625,1.0
oracle_culture,-1,reference_rankings_v1,MET:319574,Inca,16,1,1.0,strict_culture_universe,1.0,0.0625,1.0,1.0,0.3125,1.0,1.0,0.625,1.0
oracle_culture,-1,reference_rankings_v1,MET:675980,Wari,14,1,1.0,strict_culture_universe,1.0,0.07142857142857142,1.0,1.0,0.35714285714285715,1.0,1.0,0.7142857142857143,1.0
oracle_culture,-1,reference_rankings_v1,MET:751900,Inca,16,1,1.0,strict_culture_universe,1.0,0.0625,1.0,1.0,0.3125,1.0,1.0,0.625,1.0
oracle_culture,-1,reference_rankings_v1,MET:833953,Wari,14,1,1.0,strict_culture_universe,1.0,0.07142857142857142,1.0,1.0,0.35714285714285715,1.0,1.0,0.7142857142857143,1.0
